{"cameraMode":{"drawMode":0,"name":"Shaded","section":"Shading Mode"},"sceneLighting":true,"audioPlay":false,"sceneViewState":{"m_AlwaysRefresh":false,"showFog":true,"showSkybox":true,"showFlares":true,"showImageEffects":true,"showParticleSystems":true,"showVisualEffectGraphs":true,"m_FxEnabled":true},"in2DMode":false,"pivot":{"x":3.37884521484375,"y":11.880048751831055,"z":-5.833377838134766},"rotation":{"x":0.0041907913982868198,"y":0.009597532451152802,"z":0.00004158384763286449,"w":-0.9999671578407288},"size":3.452089309692383,"orthographic":false}